[
  {
    "number": "1",
    "name": "Administration Building",
    "name_ch": "行政大樓",
    "code_id": "ADM",
    "location_code": "F3",
    "lat": 25.14939,
    "lon": 121.77559
  },
  {
    "number": "2",
    "name": "Marine Hall",
    "name_ch": "會議中心(海洋廳)",
    "code_id": "MH",
    "location_code": "F3",
    "lat": 25.14950,
    "lon": 121.77580
  },
  {
    "number": "3",
    "name": "Library",
    "name_ch": "圖書館",
    "code_id": "LIB",
    "location_code": "F4",
    "lat": 25.14920,
    "lon": 121.77650
  },
  {
    "number": "4",
    "name": "Gymnasium",
    "name_ch": "育樂館",
    "code_id": "GYM",
    "location_code": "F4",
    "lat": 25.14980,
    "lon": 121.77700
  },
  {
    "number": "5",
    "name": "Mechanical Engineering Building II",
    "name_ch": "機械與機電工程二館及電算中心",
    "code_id": "ME2",
    "location_code": "F4",
    "lat": 25.14900,
    "lon": 121.77720
  },
  {
    "number": "6",
    "name": "Mechanical Engineering Building I",
    "name_ch": "機械與機電工程一館",
    "code_id": "ME1",
    "location_code": "F4",
    "lat": 25.14880,
    "lon": 121.77750
  },
  {
    "number": "7",
    "name": "Shipping & Transportation Management Building",
    "name_ch": "航運管理學系館",
    "code_id": "STM",
    "location_code": "F5",
    "lat": 25.14850,
    "lon": 121.77800
  },
  {
    "number": "8",
    "name": "Maritime & Air Transportation Building",
    "name_ch": "海空大樓",
    "code_id": "MAT",
    "location_code": "F5",
    "lat": 25.14820,
    "lon": 121.77850
  },
  {
    "number": "9",
    "name": "Laboratory",
    "name_ch": "實驗室",
    "code_id": "LAB",
    "location_code": "G5",
    "lat": 25.14780,
    "lon": 121.77900
  },
  {
    "number": "10",
    "name": "Food Science Building",
    "name_ch": "食品科學系館",
    "code_id": "FS",
    "location_code": "G5",
    "lat": 25.14750,
    "lon": 121.77950
  },
  {
    "number": "11",
    "name": "Food Science Engineering Building",
    "name_ch": "食品科學系工程館",
    "code_id": "FSE",
    "location_code": "G5",
    "lat": 25.14720,
    "lon": 121.78000
  },
  {
    "number": "12",
    "name": "Environmental Biology & Fisheries Science Building",
    "name_ch": "環漁系館",
    "code_id": "EBFS",
    "location_code": "G6",
    "lat": 25.14680,
    "lon": 121.78050
  },
  {
    "number": "13",
    "name": "Maritime Building C",
    "name_ch": "海事大樓丙棟",
    "code_id": "MC",
    "location_code": "H6",
    "lat": 25.14650,
    "lon": 121.78100
  },
  {
    "number": "14",
    "name": "Aquaculture Greenhouse",
    "name_ch": "養殖系溫室",
    "code_id": "AGH",
    "location_code": "H6",
    "lat": 25.14620,
    "lon": 121.78150
  },
  {
    "number": "15",
    "name": "Applied Economics Building",
    "name_ch": "應用經濟研究所館",
    "code_id": "AEB",
    "location_code": "E3",
    "lat": 25.15000,
    "lon": 121.77400
  },
  {
    "number": "16",
    "name": "General Building I",
    "name_ch": "綜合一館",
    "code_id": "GB1",
    "location_code": "E3",
    "lat": 25.15030,
    "lon": 121.77350
  },
  {
    "number": "17",
    "name": "CSE & EE Building II",
    "name_ch": "資工系及電機二館",
    "code_id": "EE2",
    "location_code": "E4",
    "lat": 25.15060,
    "lon": 121.77300
  },
  {
    "number": "18",
    "name": "Electrical Engineering Building I",
    "name_ch": "電機一館",
    "code_id": "EE1",
    "location_code": "E4",
    "lat": 25.15090,
    "lon": 121.77250
  },
  {
    "number": "19",
    "name": "College of Engineering Building",
    "name_ch": "工學院館",
    "code_id": "COE",
    "location_code": "D4",
    "lat": 25.15120,
    "lon": 121.77200
  },
  {
    "number": "20",
    "name": "Spring Engineering Building",
    "name_ch": "泉工程館",
    "code_id": "SEB",
    "location_code": "D4",
    "lat": 25.15150,
    "lon": 121.77150
  },
  {
    "number": "21",
    "name": "River & Harbor Engineering Building I",
    "name_ch": "河工一館",
    "code_id": "RHE1",
    "location_code": "D5",
    "lat": 25.15180,
    "lon": 121.77100
  },
  {
    "number": "22",
    "name": "Ocean Engineering Laboratory",
    "name_ch": "海洋工程綜合實驗館",
    "code_id": "OEL",
    "location_code": "D5",
    "lat": 25.15210,
    "lon": 121.77050
  },
  {
    "number": "23",
    "name": "River & Harbor Engineering Building II",
    "code_id": "RHE2",
    "location_code": "D5",
    "lat": 25.15240,
    "lon": 121.77000
  },
  {
    "number": "24",
    "name": "Large Cavitation Tunnel",
    "name_ch": "大型空蝕水槽試驗館",
    "code_id": "LCT",
    "location_code": "C5",
    "lat": 25.15270,
    "lon": 121.76950
  },
  {
    "number": "25",
    "name": "General Research Center",
    "name_ch": "綜合研究中心",
    "code_id": "GRC",
    "location_code": "C5",
    "lat": 25.15300,
    "lon": 121.76900
  },
  {
    "number": "26",
    "name": "Environmental Resources Building",
    "name_ch": "環資系館",
    "code_id": "ERB",
    "location_code": "C6",
    "lat": 25.15330,
    "lon": 121.76850
  },
  {
    "number": "27",
    "name": "General Building II",
    "name_ch": "綜合二館",
    "code_id": "GB2",
    "location_code": "C6",
    "lat": 25.15360,
    "lon": 121.76800
  },
  {
    "number": "28",
    "name": "Yen-Ping Technology Building",
    "name_ch": "延平技術大樓",
    "code_id": "YPT",
    "location_code": "E5",
    "lat": 25.15150,
    "lon": 121.77300
  },
  {
    "number": "29",
    "name": "Merchant Marine Building",
    "name_ch": "商船學系館",
    "code_id": "MMB",
    "location_code": "D3",
    "lat": 25.15200,
    "lon": 121.77400
  },
  {
    "number": "30",
    "name": "Marine Engineering Workshop / Wan Hai Hall",
    "name_ch": "輪機工廠及萬海廳",
    "code_id": "MEW",
    "location_code": "D3",
    "lat": 25.15230,
    "lon": 121.77450
  },
  {
    "number": "31",
    "name": "Maritime Building A",
    "name_ch": "海事大樓甲棟",
    "code_id": "MA",
    "location_code": "D2",
    "lat": 25.15260,
    "lon": 121.77500
  },
  {
    "number": "32",
    "name": "Maritime Building B",
    "name_ch": "海事大樓乙棟",
    "code_id": "MB",
    "location_code": "D2",
    "lat": 25.15290,
    "lon": 121.77550
  },
  {
    "number": "33",
    "name": "Men's Dormitory I",
    "name_ch": "男生第一宿舍",
    "code_id": "MD1",
    "location_code": "D4",
    "lat": 25.15250,
    "lon": 121.77150
  },
  {
    "number": "34",
    "name": "Women's Dormitory I",
    "name_ch": "女生第一宿舍",
    "code_id": "WD1",
    "location_code": "C4",
    "lat": 25.15300,
    "lon": 121.77100
  },
  {
    "number": "35",
    "name": "Men's Dormitory II",
    "name_ch": "男生第二宿舍",
    "code_id": "MD2",
    "location_code": "C3",
    "lat": 25.15350,
    "lon": 121.77050
  },
  {
    "number": "36",
    "name": "Women's Dormitory II / Men's Dormitory III",
    "name_ch": "女生第二宿舍及男生第三宿舍",
    "code_id": "WD2MD3",
    "location_code": "C3",
    "lat": 25.15380,
    "lon": 121.77000
  },
  {
    "number": "37",
    "name": "First Restaurant",
    "name_ch": "第一餐廳",
    "code_id": "FR",
    "location_code": "B3",
    "lat": 25.15410,
    "lon": 121.76950
  },
  {
    "number": "38",
    "name": "Swimming Pool",
    "name_ch": "游泳池",
    "code_id": "SP",
    "location_code": "B2",
    "lat": 25.15440,
    "lon": 121.76900
  },
  {
    "number": "39",
    "name": "Dream Spring",
    "name_ch": "夢泉",
    "code_id": "DS",
    "location_code": "B2",
    "lat": 25.15470,
    "lon": 121.76850
  },
  {
    "number": "40",
    "name": "Substation",
    "name_ch": "變電站",
    "code_id": "SS",
    "location_code": "A2",
    "lat": 25.15500,
    "lon": 121.76800
  },
  {
    "number": "41",
    "name": "Archery Range",
    "name_ch": "射箭場",
    "code_id": "AR",
    "location_code": "A1",
    "lat": 25.15530,
    "lon": 121.76750
  },
  {
    "number": "42",
    "name": "General Building III",
    "name_ch": "綜合三館",
    "code_id": "GB3",
    "location_code": "A1",
    "lat": 25.15560,
    "lon": 121.76700
  },
  {
    "number": "43",
    "name": "Humanities Building",
    "name_ch": "人文大樓",
    "code_id": "HUM",
    "location_code": "C4",
    "lat": 25.15350,
    "lon": 121.77000
  },
  {
    "number": "44",
    "name": "Post Office, History Room",
    "name_ch": "郵局, 校史室",
    "code_id": "POHR",
    "location_code": "B4",
    "lat": 25.15400,
    "lon": 121.77050
  },
  {
    "number": "45",
    "name": "Student Activity Center",
    "name_ch": "學生活動中心",
    "code_id": "SAC",
    "location_code": "B4",
    "lat": 25.15430,
    "lon": 121.77100
  },
  {
    "number": "46",
    "name": "Diversity Species Research Lab",
    "name_ch": "多樣性物種研究室",
    "code_id": "DSRL",
    "location_code": "B5",
    "lat": 25.15460,
    "lon": 121.77150
  },
  {
    "number": "47",
    "name": "Institute of Marine Environment & Ecology",
    "name_ch": "環態所館",
    "code_id": "IMEE",
    "location_code": "B5",
    "lat": 25.15490,
    "lon": 121.77200
  },
  {
    "number": "48",
    "name": "Seaside Station",
    "name_ch": "臨海工作站",
    "code_id": "SS",
    "location_code": "A5",
    "lat": 25.15520,
    "lon": 121.77250
  },
  {
    "number": "49",
    "name": "Seaside Biology Teaching Lab",
    "name_ch": "臨海生物教學實驗場",
    "code_id": "SBTL",
    "location_code": "A6",
    "lat": 25.15550,
    "lon": 121.77300
  },
  {
    "number": "50",
    "name": "Aquatic Animal Research Center",
    "name_ch": "水生動物實驗中心館",
    "code_id": "AARC",
    "location_code": "A6",
    "lat": 25.15580,
    "lon": 121.77350
  },
  {
    "number": "51",
    "name": "College of Life Sciences / Aquaculture Building",
    "name_ch": "生命科學院館及水產養殖學系館",
    "code_id": "CLSA",
    "location_code": "A7",
    "lat": 25.15610,
    "lon": 121.77400
  },
  {
    "number": "52",
    "name": "Sports Center",
    "name_ch": "體育館",
    "code_id": "SC",
    "location_code": "A7",
    "lat": 25.15640,
    "lon": 121.77450
  },
  {
    "number": "53",
    "name": "Pei-Hua Building",
    "name_ch": "沛華大樓",
    "code_id": "PHB",
    "location_code": "H5",
    "lat": 25.14750,
    "lon": 121.78100
  }
]
